item,qty,spec,supplier,unit_cost_usd,make_buy,notes
1 Shell,1,"Surplus steel pipe offcut 813 mm OD x 6.35 mm wall (32 in x 0.25 in), welded line pipe or water pipe (API 5L, ASTM A53 or A139 class), 1,500 mm long, ends cut square within 1 mm; out-of-roundness no more than 1 % of diameter; holes for the window, feed-through and manifold nozzles cut on site; about 185 kg",Pipe yard or steel stockholder (surplus offcut or remnant),210.00,make,"Estimate for a surplus offcut, about half the USD 420 new-cut price (ALR-DDR-003, R10 option B); accept only if it passes the roundness (no more than 8 mm between largest and smallest diameter) and thickness (no less than 5.9 mm at any point) checks, otherwise buy a new-cut length at about USD 420"
2 Flange rings,2,"S275 or A36 steel plate 20 mm, ring 960 mm OD x 813 mm ID, plasma or waterjet cut; one welded to the shell end, one to the door head; faces flat within 1 mm after welding",Plate cutting service,140.00,make,Indicative price each including about 32 kg of plate and cutting
3 Dished heads,2,"Surplus or second-hand 2:1 semi-ellipsoidal tank head, 813 mm OD, 6.35 mm, carbon steel, 40 mm straight flange; unused, no pitting or dents; one welded to the rear of the shell, one to the door flange ring",Tank head supplier or surplus steel dealer,130.00,buy,"Estimate each for surplus heads, about half the USD 260 new price (ALR-DDR-003, R10 option B); about 39 kg each; skirt, thickness and outside diameter to match the pipe, otherwise buy new at about USD 260 each"
4 Window nozzle and flange,1,"Pipe stub 273.1 mm OD x 12.7 mm wall (10 in XS), 160 mm long, ends cut square (set-in nozzle); 20 mm steel ring 400 mm OD x 255 mm ID with eight M10 tapped holes on a 373 mm circle",Pipe and plate stockholder,110.00,make,Indicative price for the stub and the cut ring
5 Feed-through nozzle and flange,1,"Pipe stub 168.3 mm OD x 10.97 mm wall (6 in XS), 140 mm long, ends cut square (set-in nozzle); 20 mm steel ring 260 mm OD x 154 mm ID with eight M10 tapped holes on a 225 mm circle",Pipe and plate stockholder,70.00,make,Indicative price
6 Manifold stub and flange,1,"Pipe stub 60.3 mm OD x 3.91 mm wall (2 in schedule 40), 105 mm long; 12 mm steel disc 150 mm with a 52.5 mm bore and four M8 tapped holes on a 110 mm circle",Pipe and plate stockholder,30.00,make,Indicative price
7 Saddles,2,"Welded from 10 mm steel plate: wear plate 160 mm wide rolled to 813 mm inside diameter over 120 degrees, web 840 mm wide x 597 mm high with a curved top, base plate 200 x 900 mm with two 18 mm holes; about 55 kg each",Plate cutting service and welding shop,120.00,make,Indicative price each; welded to the shell
8 Deck rails,2,"Steel equal angle 50 x 50 x 6 mm, 900 mm long, three 9 mm holes in the top leg; welded inside the shell",Steel stockholder,15.00,make,Indicative price each
9 Baffle tabs,4,"Steel flat 40 x 10 mm, 45 mm long, one 9 mm hole; welded inside the shell 1,100 mm from the flange face",Steel stockholder,2.50,make,Indicative price each
10 Hinge,1,"Four lugs from 15 mm steel plate with 21 mm holes, two welded to each flange ring; hinge pin 20 mm 4140 or 1045 bar, 450 mm long, with welded head and collar",Plate cutting service and machine shop,45.00,make,Indicative price for the set
11 Gaskets,1,"Door: closed-cell EPDM sponge strip 6 x 45 mm, about 2.8 m, glued to the shell ring face with contact adhesive; window and feed-through: solid EPDM 6 mm and 2 mm sheet cut to rings",Gasket and rubber supplier,60.00,buy,Indicative price for all three gaskets and the adhesive
12 Latch clamps,3,"Heavy-duty adjustable latch (toggle) clamp, holding force at least 3 kN, steel, bolt-on base",Industrial supplier,30.00,buy,Indicative price each; pull the door onto the gasket for the first pump-down
13 Polycarbonate window,1,"Clear polycarbonate sheet 20 mm (not acrylic), cut to a 340 mm disc, edges sanded smooth and lightly chamfered; protective film left on until fitted",Plastics stockholder,70.00,make,Indicative price; acrylic is not allowed (it shatters)
14 Window spacer and clamp rings,1,"Spacer: 25 mm steel ring 400 mm OD x 346 mm ID; clamp: 10 mm steel ring 400 mm OD x 290 mm ID; both with eight 11 mm holes on a 373 mm circle",Plate cutting service,90.00,make,Indicative price for both rings
15 Feed-through plate,1,"Aluminium 6082 plate 15 mm cut to a 260 mm disc, eight 11 mm holes on a 225 mm circle and five 20 mm holes; five M20 nickel-brass IP68 cable glands; two-part epoxy potting for the cables",Aluminium stockholder and electrical supplier,70.00,make,Indicative price
16 Deck plate,1,"Aluminium 6082 or 5083 plate 8 mm, 900 x 400 mm, six 9 mm holes to the rails, four M6 tapped holes for the stand",Aluminium stockholder,85.00,make,Indicative price
17 Baffle plate,1,"Perforated steel sheet 2 mm with hexagonal holes, 80 % open (for example 10 mm across flats on an 11.2 mm pitch), or expanded steel mesh with a stated open area of 78 % to 82 %; cut to a 790 mm disc with four 9 mm holes on the tab positions",Perforated metal supplier,85.00,make,"Indicative price, about USD 10 more than the 63 % plate (ALR-DDR-003, R6 option B); about 1.5 kg; bolted to the same four tabs so it can be taken out for the R6 comparison runs"
18 Stand base plate,1,"Aluminium 6082 plate 12 mm, 300 x 200 mm, four 9 mm counterbored holes, tapped holes for the clamps, anchor block and speed post",Aluminium stockholder,25.00,make,Indicative price
19 Flexure leaves and clamps,1,"Two leaves 120 x 110 mm cut from 0.5 mm hardened spring steel shim (1095 blue-tempered or 301 full-hard stainless); four aluminium clamp blocks 30 x 140 x 20 mm, each slit and clamped with two M5 screws",Shim stock supplier and aluminium stockholder,35.00,make,Indicative price for the set
20 Thrust cell anchor block and hanger,1,"Aluminium 6082 bar: anchor block 30 x 40 x 58 mm and hanger 27 x 40 x 62 mm, each drilled and tapped M5 for the load cell",Aluminium stockholder,15.00,make,Indicative price for both
21 Carriage plate,1,"Aluminium 6082 plate 10 mm, 240 x 160 mm, holes for the clamps, hanger and torque head",Aluminium stockholder,15.00,make,Indicative price
22 Torque head,1,"Housing: aluminium 6082 block 50 x 90 x 178 mm bored 35 mm H7 through on the axis for two 6202-2RS bearings; shaft: 15 mm stainless 303 bar, 115 mm long with a 40 mm hub; motor plate: 6 mm aluminium disc 80 mm drilled for 16, 19, 25 and 30 mm motor patterns",Machine shop,75.00,make,Indicative price including boring and turning
23 Torque arm and cell bracket,1,"Aluminium 6082: arm 10 mm thick, 30 mm hub clamped on the shaft, 60 mm reach to the cell; bracket 40 x 21 x 33 mm bolted to the housing side",Aluminium stockholder,20.00,make,Indicative price for both
24 Load cells and amplifiers,1,"Bending-beam bar load cells 12.7 x 12.7 x 80 mm, C3 class or better: one 10 kg (thrust) and one 5 kg (torque); two 24-bit load-cell amplifier boards, 80 samples per second, in shielded leads",Electronics distributor,60.00,buy,Indicative price for the set
25 Speed sensor,1,"Infrared reflective optical sensor, at least 20 kHz response, on an aluminium post 16 x 20 x 128 mm; reflective tape on the propeller",Electronics distributor,25.00,make,Indicative price including the post
26 Motor under test (example),1,"Brushless outrunner for 15 in propellers on 6S, about 58 mm diameter and 40 mm long, with a 16 or 19 mm mounting pattern",Drone parts supplier,90.00,buy,Example test article; users bring their own
27 Propeller under test (example),1,"Two-blade carbon propeller 15 x 5 in (381 x 127 mm)",Drone parts supplier,35.00,buy,Example test article; users bring their own
28 Valve manifold,1,"Steel fittings on the 2 in stub flange: adjustable vacuum relief valve set to open at 55 kPa below atmosphere; 63 mm vacuum gauge 0 to -100 kPa; normally-open solenoid bleed valve 1/4 in with needle valve (vents the chamber on power loss); manual vent ball valve 1/2 in; isolation ball valve 1 in to the pump hose",Pneumatics and vacuum supplier,220.00,buy,Indicative price for the fittings and valves
29 Vacuum pump and hose,1,"Host workshop's existing single-stage rotary vane vacuum pump, at least 6 CFM (170 L/min) free air, with thermal overload and oil-mist exhaust filter (borrowed, not bought); 2.5 m of 25 mm bore wire-reinforced vacuum hose with clamps and an adapter to the pump inlet (bought)",Host workshop (pump); refrigeration or vacuum supplier (hose),40.00,buy,"Estimate for the hose, clamps and adapter only (ALR-DDR-003, R10 option B); a pump without a thermal overload, an exhaust filter or the 170 L/min rating is not used: buy one to this spec instead (about USD 220 more); exhaust led outdoors or to an extract"
30 Control cabinet,1,"Floor-standing steel enclosure about 460 x 300 x 1,100 mm on a plinth, with a mains inlet protected by a 30 mA residual current device, earth bar, DIN rail, terminals and cooling fan",Electrical wholesaler,180.00,buy,Indicative price
31 Air sensors,1,"Two barometric pressure sensors with absolute accuracy of 50 Pa or better (BMP390 class), one humidity sensor, two class A PT1000 temperature probes with amplifiers, in a vented printed housing on the deck",Electronics distributor,60.00,buy,Indicative price for the set
32 Motor power supply,1,"Host lab's existing DC power supply, adjustable over 20 to 28 V, at least 1,500 W (62 A at 24 V), remote on/off input that the motor contactor can switch, overcurrent protection","Host lab (existing equipment, borrowed)",0.00,buy,"No purchase (ALR-DDR-003, R10 option B); if the host lab has no supply to this spec, buy one at about USD 320; it stays behind the interlocked contactor in the cabinet"
33 ESC and power sensor,1,"Electronic speed controller 80 A for 6S, with throttle input from the controller; current and voltage sensor rated 100 A",Drone parts supplier,100.00,buy,Indicative price
34 Controller and logger,1,"Microcontroller board with SD card and USB to a laptop, relay outputs for the pump, bleed valve and motor contactor; logs at 20 Hz to CSV",Electronics distributor,50.00,buy,Indicative price; firmware is TRL 4 work
35 Safety controls,1,"Emergency stop button (red mushroom, latching), motor supply contactor, pump contactor, door interlock switch on a latch, key switch for motor arming",Electrical wholesaler,180.00,buy,Indicative price for the set
36 Fasteners and consumables,1,"M8 to M10 bolts, nuts and washers for the deck, window and feed-through; M5 and M4 screws for the stand; contact adhesive, vacuum grease, thread sealant, epoxy, primer and paint",Hardware supplier,90.00,buy,Indicative price
37 Welding and fabrication labour,1,"Welding shop: nozzles, flange rings, heads, saddles, rails, tabs and hinge lugs to the shell; full-penetration butt weld of the rear head; leak check of welds with soapy water under vacuum",Local welding and fabrication shop,650.00,buy,Indicative price; about 10 to 12 shop hours
38 Calibration kit,1,"Calibration masses 0.5 kg to 5 kg, total 10 kg (OIML M2 class or better), a low-friction pulley on a bracket and a 100 mm calibration arm for the torque head",Laboratory supplier,120.00,buy,Indicative price
